{
  "os":  "Linux-6.5.0-27-generic-x86_64-with-glibc2.35",
  "python":  "CPython 3.11.9",
  "startedAt":  "2025-08-18T06:36:05.943280Z",
  "args":  [
    "--dataset",
    "enron",
    "--lr",
    "0.01",
    "--lambda_loss1",
    "0.1",
    "--lambda_loss2",
    "0.4",
    "--dimension",
    "128",
    "--num_epochs",
    "2000"
  ],
  "program":  "/home/apuchakraborty/Flex-GAD/run.py",
  "codePath":  "run.py",
  "codePathLocal":  "run.py",
  "email":  "apuchakraborty37@gmail.com",
  "root":  "/home/apuchakraborty/Flex-GAD",
  "host":  "user-SSI100C3A-48",
  "executable":  "/home/apuchakraborty/anaconda3/envs/gpu_torch_1/bin/python",
  "cpu_count":  16,
  "cpu_count_logical":  32,
  "gpu":  "NVIDIA RTX A6000",
  "gpu_count":  2,
  "disk":  {
    "/":  {
      "total":  "3757559922688",
      "used":  "2698352750592"
    }
  },
  "memory":  {
    "total":  "540277411840"
  },
  "gpu_nvidia":  [
    {
      "name":  "NVIDIA RTX A6000",
      "memoryTotal":  "51527024640",
      "cudaCores":  10752,
      "architecture":  "Ampere",
      "uuid":  "GPU-cfd171f7-5d07-fe7b-aab4-afb41d5867ea"
    },
    {
      "name":  "NVIDIA RTX A6000",
      "memoryTotal":  "51527024640",
      "cudaCores":  10752,
      "architecture":  "Ampere",
      "uuid":  "GPU-df00d6a5-647f-e3cc-c593-283b6ac0fd0b"
    }
  ],
  "cudaVersion":  "12.4",
  "writerId":  "octiqjljc72pk5om0beqa8otrkk72e3f"
}